date,ensemble_2023,ensemble_2024,pred_21,lower_21,upper_21,pred_22,lower_22,upper_22,pred_25,lower_25,upper_25,pred_27,lower_27,upper_27,pred_28,lower_28,upper_28,pred_30,lower_30,upper_30,pred_33,lower_33,upper_33,state
2024-10-06,53.686432065089335,193.37745097844402,2.4489559084177017,0.0,10.572245836257936,250.0,50.0,1215.0,0.0,0.0,221.213245,304.518536990777,289.148195675112,320.484357037315,304.548881673231,289.177074887293,320.516222224179,92.0,31.0,236.0,113.3818439,0.0,382.8723801,AM
2024-10-13,59.63903972408585,214.10151381623976,36.22022747993469,18.395517790317538,58.05082031488418,273.5,55.0,1314.95,0.0,0.0,221.213245,320.243389814225,304.436907111892,336.651385095385,320.274210305279,304.46626194522,336.683724782097,92.5,33.0,250.0,100.7960886,0.0,370.2866249,AM
2024-10-20,54.65824706566913,191.5907464549074,6.113499760627747,0.0,20.626535803079605,293.0,59.0,1412.0,0.0,0.0,221.213245,281.466344133235,266.743588376763,296.777368169955,281.495667609087,266.771466580923,296.808200717528,94.0,36.0,260.0,118.3222968,0.0,387.8128331,AM
2024-10-27,59.04094394807217,210.3478250335404,10.054739445447922,2.650929517671466,22.254004365205763,309.0,61.0,1481.0,0.0,0.0,221.213245,312.548729328096,296.954606431993,328.739282698979,312.579643022754,296.984045971043,328.771726103928,100.0,38.0,277.0,108.3683721,0.0,377.8589083,AM
2024-11-03,77.31848110878677,264.660846350157,57.96626171469688,37.272050213813785,89.60898401737214,379.0,72.0,1819.95,0.0,0.0,221.213245,374.444668658956,357.207162696959,392.290504565822,374.479146244703,357.24011377053,392.326559607746,104.0,38.0,275.0,129.0203739,0.0,398.5109102,AM
2024-11-10,91.58445084232939,304.1807158187449,90.68471956253052,51.78686084747314,133.59822972416876,410.0,79.0,1979.0,2.0,0.0,223.213245,429.893081179573,411.275186826757,449.127106801288,429.931118897408,411.311642550868,449.166776732103,107.0,42.0,285.0,126.2178377,0.0,395.708374,AM
2024-11-17,95.39932269983743,332.7063052356955,0.0,0.0,0.1,445.0,86.0,2142.0,29.0,0.0,250.213245,501.539976733689,481.239651004936,522.467544040448,501.582276865626,481.280303390638,522.511540195813,115.5,41.0,296.0,159.9083578,0.0,429.398894,AM
2024-11-24,120.02730113968705,388.18710990836956,105.34349162876606,82.81070082187652,126.54885770082474,460.0,88.0,2220.0,58.0,0.0,279.213245,552.428618264976,530.987108368419,574.505513236811,552.47376676723,531.030568529964,574.552398200928,122.0,47.0,306.0,182.4882449,0.0,451.9787812,AM
2024-12-01,114.60297492432262,358.1872501552944,101.5699902176857,72.86581194400787,131.89411336183548,418.0,76.0,2159.95,73.0,0.0,294.213245,504.175395859537,483.810759991592,525.165336932941,504.218442139268,483.85214926582,525.210092675798,126.0,48.0,336.0,193.4367636,0.0,462.9272998,AM
2024-12-08,114.30502594124667,380.74739587476057,87.32251477241516,60.55301764011383,118.20279291272162,414.0,76.0,2151.0,67.0,0.0,288.213245,559.167639237843,537.580232147154,581.390200325915,559.213522087655,537.624410600813,581.437835246171,135.0,51.0,351.0,211.9145198,0.0,481.4050561,AM
2024-12-15,116.34755292849262,392.6584643416996,92.94139385223389,69.85947880148888,122.12609505802392,414.0,75.0,2152.95,58.0,0.0,279.213245,588.608367182939,566.382600384461,611.472894445444,588.65618489992,566.42868321151,611.522494820289,143.0,57.0,361.0,197.5303715,0.0,467.0209078,AM
2024-12-22,116.82314370713398,405.6270787296093,64.00886565446854,44.657641971111296,100.76456036567689,429.0,79.0,2259.0,78.0,0.0,299.213245,617.325462146252,595.354855306834,639.885969367525,617.375874235841,595.403588500924,639.938112865306,154.0,60.0,409.0,177.7313102,0.0,447.2218464,AM
2024-12-29,123.80824094950812,360.2427469268725,99.1681752204895,68.49260090589523,146.20277560949324,382.0,75.0,1889.0,143.0,0.0,364.213245,499.141536422945,98.5879829922633,1550.37537763948,1672.59636428584,190.025032132985,6527.23300883868,163.5,61.0,440.0,193.5835397,0.0,463.0740759,AM
2025-01-05,158.95473644024057,406.97033742979295,102.95711994171144,75.98454577922821,130.83539659976958,439.0,87.0,2194.0,236.0,14.78675497,457.213245,529.038661726011,104.495514739087,1643.23296620837,1772.8354905289,201.419413713041,6918.47853374153,172.0,66.0,443.0,394.8903699,125.3998336,664.3809061,AM
2025-01-12,201.96977100408333,468.22123945455115,134.1431367099285,107.57662833333016,162.15041801929473,492.0,98.0,2447.0,322.0,100.786755,543.213245,585.923904134802,115.734389754717,1819.9015024902,1963.46138127643,223.081979655775,7662.33735245076,183.0,72.0,460.0,473.8191059,204.3285696,743.3096422,AM
2025-01-19,232.8246764340702,570.0192091130477,134.37352967262268,108.3959763288498,164.74055726528167,547.0,108.0,2726.95,383.0,161.786755,604.213245,762.783896551609,150.676875582042,2369.17640002182,2556.12844179461,290.432281352128,9975.04000833209,193.0,74.0,505.0,549.149922,279.6593858,818.6404583,AM
2025-01-26,258.01009263962465,614.3299262570272,154.2920379638672,132.58495606184005,176.0852343559265,579.0,116.0,2876.95,431.0,209.786755,652.213245,815.60916645622,161.113628839801,2533.2357569942,2733.14948710631,310.548832483984,10665.8101477579,199.0,77.0,523.0,672.8059347,403.3153984,942.296471,AM
2025-02-02,275.27936228888626,620.8120604626092,178.79412531852722,144.37257754802704,213.64609096050265,484.0,99.0,2472.95,492.0,270.786755,713.213245,849.935101371134,167.895446092745,2639.84179225141,2848.17799636353,323.620594870947,11114.6736184152,207.0,81.0,533.0,670.3066964,400.8161601,939.7972327,AM
2025-02-09,309.09239675967314,677.7929052478348,162.8423000574112,135.9722262620926,194.94516537189483,496.0,98.0,2504.0,570.0,348.786755,791.213245,949.074193867242,187.482528201437,2947.73923377077,3180.39734297389,361.373830149732,12411.0606175985,208.0,81.0,531.0,823.931592,554.4410558,1093.422128,AM
2025-02-16,333.543690094768,518.5958866711637,157.87446117401123,135.62526333332062,187.27380678653716,508.0,101.0,2547.0,633.0,411.786755,854.213245,553.994506296808,109.425889453818,1720.73804671917,1856.4665972978,210.922930401531,7244.8229777189,213.0,79.0,568.0,843.265439,573.7749027,1112.755975,AM
2025-02-23,343.23516794198383,711.7519672373439,170.2029504776001,153.02806847691537,191.686915063858,507.0,102.0,2542.95,643.0,421.786755,864.213245,978.582086958534,193.312447198293,3039.38199844474,3279.28007846668,372.610810334844,12796.9205260869,205.0,81.0,539.0,968.7865294,699.2959931,1238.277066,AM
2025-03-02,311.3732080711347,627.4603240053049,155.07231760025024,138.42641954421998,177.42047865390776,381.0,77.0,1921.95,587.0,365.786755,808.213245,884.47492771155,174.719535261987,2747.11229818221,2963.92284376013,336.773777647431,11566.3328152837,205.0,82.0,547.0,768.4695512,498.9790149,1037.960087,AM
2025-03-09,264.8589300265025,558.2427849723598,138.51499474048617,121.17282547950744,218.84602935314177,363.0,71.0,1856.95,494.0,272.786755,715.213245,790.17493160427,156.088555563558,2454.2446759863,2647.91768251996,300.863147758191,10333.2192143196,202.0,81.0,504.0,725.5033815,456.0128452,994.9939177,AM
2025-03-16,217.8827219219281,465.7784156501238,120.51627731323242,100.2358491241932,151.0887813091278,338.0,69.0,1733.0,401.0,179.786755,622.213245,643.630391986406,127.135560109284,1999.12123371671,2156.83786084617,245.057169227496,8416.93100847237,196.0,77.0,522.0,622.3646605,352.8741242,891.8551967,AM
2025-03-23,181.96987103875074,335.222104465931,130.79731380939484,111.97518422603608,155.17190781887618,314.0,62.0,1590.95,329.0,107.786755,550.213245,382.305367867038,75.5051116754506,1187.52266748459,1281.12652496336,145.541813774232,4999.73519209015,193.5,77.0,494.0,516.9939062,247.50337,786.4844425,AM
2025-03-30,156.9625309246932,386.5246543568682,107.34197223186491,86.04271830320359,133.53731709718704,290.0,54.0,1468.95,274.0,52.78675497,495.213245,554.919546441742,109.60957831096,1723.61077482587,1859.57188431413,211.276939408262,7256.93964857888,187.5,72.0,475.0,393.2186399,123.7281037,662.7091762,AM
2025-04-06,133.18084710871005,329.2622986869554,102.17317390441896,87.96319679617882,140.2235138058662,263.0,49.0,1318.0,221.0,0.0,442.213245,461.970973921931,91.2441424694799,1434.94274261964,1548.0793897607,175.877398782564,6041.44183680805,176.0,65.0,438.0,453.5750207,184.0844845,723.065557,AM
2025-04-13,117.81758594717513,271.8581524636725,125.23069071769714,109.26643378734587,151.6435245990753,236.0,45.0,1214.0,168.0,0.0,389.213245,351.878163752098,69.4937220714648,1093.02473512611,1179.16163511566,133.954828498402,4601.84797997679,168.0,61.0,439.0,324.7489365,55.25840027,594.2394728,AM
2025-04-20,89.46715196137397,242.76932529128737,86.61498844623566,69.49740957021713,106.9251014471054,212.0,40.0,1072.0,125.0,0.0,346.213245,338.602227249958,66.8708106985344,1051.79378538947,1134.67270576228,128.899184706368,4428.24395025378,154.0,59.0,410.0,275.1913074,5.700771116,544.6818436,AM
2025-04-27,78.56583173915195,226.3470454424961,86.09657537937164,74.9539071559906,108.71364114284508,195.0,37.0,981.95,96.0,0.0,317.213245,323.897047570828,63.965501599455,1006.12384945727,1085.39482224773,123.299302885261,4235.95213742823,147.0,55.0,375.0,236.5980119,0.0,506.0885482,AM
2025-05-04,77.65166240354216,213.03190081972315,102.80303502082825,88.4243196964264,229.25373852252957,179.0,32.0,917.0,80.0,0.0,301.213245,300.248155395586,59.2931788580388,932.677318217029,1006.1461705286,114.293579048809,3926.70844874611,141.0,50.0,374.0,237.7938841,0.0,507.2844203,AM
2025-05-11,68.95914116637209,191.23808412691028,92.26387071609496,82.73297731876373,118.28292453289014,164.0,30.0,833.95,66.0,0.0,287.213245,270.102191375804,53.337235067413,839.052832717057,905.125298975425,102.813697861171,3532.50542406457,132.0,49.0,345.0,224.1242801,0.0,493.6148164,AM
2025-05-18,58.622157365356394,158.06058534252517,76.5808801651001,61.26676683425903,89.45270307064054,151.0,27.0,767.95,51.0,0.0,272.213245,217.18592895273,42.8825362746375,674.709890354082,727.801266851667,82.6628049240826,2840.5513597722,122.5,46.0,355.0,222.9170975,0.0,492.4076338,AM
2025-05-25,53.10255190369257,159.56165031508834,71.61164212226868,56.4002309679985,226.4084033250807,136.0,25.0,715.0,37.0,0.0,258.213245,234.913475132403,46.3850024604526,729.766901258579,787.206057143196,89.4135241528195,3072.36135424314,119.0,43.0,301.0,164.6842607,0.0,434.1747969,AM
2025-06-01,54.68445250124045,153.23996352965412,91.25899803638458,76.78976755738259,102.5509302854538,122.0,21.0,618.0,26.0,0.0,247.213245,220.613124791688,43.5596823765642,685.353931178695,739.285263936927,83.967877742802,2885.36445558637,108.0,40.0,284.0,159.7967404,0.0,429.2872767,AM
2025-06-08,49.39283127275165,143.45550578122788,84.46878790855408,75.55935271978379,94.60643780231476,111.0,20.0,565.0,18.0,0.0,239.213245,210.663581432898,41.5939543450312,654.453454656698,705.94408442306,80.1790257378211,2755.26057985657,104.0,37.0,289.0,184.8016462,0.0,454.2921824,AM
2025-06-15,40.597447237787705,134.79187154829592,56.31002962589264,46.93238687515259,70.04656193256378,105.0,18.0,535.0,8.0,0.0,229.213245,216.310206512883,42.7042903419192,672.031229529422,724.877328553787,82.3202665548928,2829.27202583672,99.0,36.0,274.0,143.7175116,0.0,413.2080479,AM
2025-06-22,35.356897793835486,114.41410985442799,48.33186703920365,39.97643461227417,54.292730996012686,103.0,18.0,516.0,0.0,0.0,221.213245,178.058487620696,35.1469029316201,553.231162588578,596.693430492226,67.7539583270196,2329.06688195993,95.0,34.0,256.0,143.3212177,0.0,412.811754,AM
2025-06-29,36.81213546092102,121.98870415034808,51.85087859630585,40.77693030014634,65.31625726427883,99.0,17.0,504.0,0.0,0.0,221.213245,195.883345095555,38.6685807014798,608.590825968434,656.425027388652,74.5416405207483,2562.15479500305,91.0,35.0,244.0,120.7463078,0.0,390.2368441,AM
2025-07-06,30.86549376423927,106.21157007290076,20.73080572485924,10.773590432107447,33.1373908996582,99.0,17.0,505.0,0.0,0.0,221.213245,182.091919510592,35.9438310243689,565.758051151647,610.209040743815,69.2898784210579,2381.80819695377,86.0,32.0,248.0,131.8219868,0.0,401.312523,AM
2025-07-13,33.342188636759715,108.82904745310843,45.852433025836945,33.28131360411644,65.65313708186149,95.0,16.0,487.0,0.0,0.0,221.213245,171.154367554419,33.7829267386072,531.788942145162,573.555975908647,65.1248111484059,2238.77909730524,86.0,31.0,234.0,130.3338836,0.0,399.8244198,AM
2025-07-20,25.9212826299304,86.25998690851328,0.0,0.0,0.1,89.0,15.0,452.0,0.0,0.0,221.213245,153.691605214275,30.3328600206892,477.554012186734,515.036525142512,58.4749747739471,2010.42145428617,81.0,29.0,225.0,102.7211272,0.0,372.2116635,AM
2025-07-27,23.161619032269016,81.1955244572791,10.68799677491188,3.8344897076487543,22.154034485295416,84.0,14.0,422.0,0.0,0.0,221.213245,136.685726390902,26.9730508913801,424.737862663322,458.04865132184,51.9991712263345,1788.04001130225,80.0,31.0,217.0,113.2224161,0.0,382.7129524,AM
2025-08-03,24.49788982053954,75.89126881784671,0.0,0.0,0.1,64.0,13.0,303.0,0.0,0.0,221.213245,147.917541948662,29.1921108328014,459.621661473427,495.687574712005,56.2763230001721,1934.91956036392,79.0,28.0,217.0,104.7022556,0.0,374.1927919,AM
2025-08-10,23.750773327513432,80.262909791035,27.71726232767105,17.548035570979117,40.0456855237484,61.0,12.0,287.0,0.0,0.0,221.213245,136.640827244609,26.9642359797944,424.599203468741,457.89967068875,51.9824235941417,1787.4644789376,74.0,27.0,204.0,97.38984775,0.0,366.880384,AM
2025-08-17,23.63108378946863,71.32559479845514,39.54865247011185,30.36806423664093,50.55011646747589,59.0,12.0,274.0,0.0,0.0,221.213245,107.387908353731,21.1848878279962,333.746806060732,359.875335868366,40.8437331928103,1404.95421942766,76.0,29.0,200.0,99.50291134,0.0,368.9934476,AM
2025-08-24,19.959779582061575,63.49708877578796,0.0,0.0,0.1,58.0,11.0,272.0,0.0,0.0,221.213245,119.75782648582,23.6287808990164,372.165010794349,401.325135714442,45.5537996927308,1566.70022633286,76.0,28.0,201.0,85.18171232,0.0,354.6722486,AM
2025-08-31,18.47177617324122,59.54664599261642,0.0,0.0,0.1,57.0,12.0,269.0,0.0,0.0,221.213245,110.006214557359,21.7022356151909,341.878442333494,368.648620577514,41.8407561426338,1439.18878374716,77.0,29.0,207.0,79.94505145,0.0,349.4355877,AM
2025-09-07,26.27443332779274,77.41989373321049,48.41991829872131,24.298791545629506,69.98882172107696,60.0,12.0,284.0,0.0,0.0,221.213245,115.194953418795,22.7273314799972,357.993418279463,386.035840058169,43.8164734697901,1507.03721932825,79.0,27.0,218.0,82.39349215,0.0,351.8840284,AM
2025-09-14,40.07508310416986,96.61158410198665,92.4795060157776,71.4949477493763,111.46516423225404,66.0,13.0,310.0,0.0,0.0,221.213245,132.344318669379,26.1154059132973,411.255317424852,443.502270497171,50.3464331089805,1731.28301799472,82.0,29.0,210.0,108.8184922,0.0,378.3090284,AM
2025-09-21,42.746299328200394,100.032716631645,100.70254516601562,72.1318507194519,129.4447463989258,73.0,15.0,340.0,0.0,0.0,221.213245,133.387439895179,26.3214874418288,414.494746968408,446.998132198603,50.743673069573,1744.92388835298,86.0,31.0,232.0,93.46583906,0.0,362.9563753,AM
2025-09-28,44.80091224581802,103.77239430181031,106.31459939479828,81.84146140217781,133.96608641147614,79.0,16.0,371.0,0.0,0.0,221.213245,136.57297743012,26.9508345313501,424.388226982264,457.672669718964,51.9566364712112,1786.57798982849,86.0,32.0,238.0,98.45282733,0.0,367.9433636,AM
2024-10-06,57.20755801873967,126.63288829817063,232.6265577673912,144.68896560668946,334.6874908268452,461.0,102.0,15426.95,0.0,0.0,586.2754967,256.962104610452,248.49940092327,265.636496374186,256.957704586936,248.495099781585,265.631995775609,218.0,84.0,710.0,325.6865943,0.0,894.4776624,CE
2024-10-13,47.68388413536033,112.1079455296284,194.6699950098991,137.2498720765114,252.3698690295219,428.5,94.0,14892.55,0.0,0.0,586.2754967,224.493844996589,216.655139767466,232.540677308683,224.490349883753,216.651724908957,232.537100489682,208.0,80.0,636.0,304.2537979,0.0,873.0448659,CE
2024-10-20,42.587131946628666,107.99971372235306,217.31826549768448,143.77848824411632,277.43625390827657,408.0,88.0,14333.95,0.0,0.0,586.2754967,180.71530091108,173.767082682027,187.864915411932,180.712747132775,173.764593334762,187.862302567306,202.0,80.0,621.0,247.7186625,0.0,816.5097306,CE
2024-10-27,50.90884850799768,112.79144225712731,215.2656996846199,138.2669067621231,301.98538319468497,406.0,89.0,13805.9,0.0,0.0,586.2754967,223.183963560663,215.36963321265,231.206792486926,223.180605783325,215.366355395171,231.203353443897,200.5,77.0,594.0,231.4229769,0.0,800.214045,CE
2024-11-03,54.70517485908652,109.29305295402786,237.1385162472725,156.50437515079977,313.55706743448974,363.0,88.0,2123.0,0.0,0.0,586.2754967,215.988079582586,208.316893491904,223.865639785723,215.984669048936,208.313561498013,223.862150643977,192.0,73.0,602.0,265.0807997,0.0,833.8718678,CE
2024-11-10,48.9169875336132,95.45698595535488,118.45326924324036,88.01070864200592,246.72606902718545,378.0,92.0,2203.95,0.0,0.0,586.2754967,250.002133444389,241.670515706732,258.544746923882,249.997940512229,241.666417851754,258.540457265346,184.0,76.0,595.0,312.4435172,0.0,881.2345853,CE
2024-11-17,60.14355287497579,116.75775828450789,232.75795030593872,147.1480662405491,347.04700973629946,393.0,94.0,2296.0,0.0,0.0,586.2754967,252.701766334728,244.319398293665,261.295266929012,252.69746377497,244.315192339077,261.290866109702,182.0,74.0,575.0,301.180855,0.0,869.971923,CE
2024-11-24,58.13129082179031,115.11195961583813,242.285621792078,139.1319042146206,359.12580956816674,385.5,94.0,2252.95,0.0,0.0,586.2754967,234.862261014396,226.819684337475,243.113307663566,234.858308317884,226.815821541719,243.109264738493,176.5,69.0,557.0,318.0567733,0.0,886.8478414,CE
2024-12-01,51.175278492526964,97.78359634449096,115.67327189445496,80.36346833556891,261.57671796530485,383.0,92.0,2517.0,0.0,0.0,586.2754967,260.983792463651,252.444553902335,269.735484438349,260.979357078514,252.440220150543,269.730945858696,169.0,63.0,535.0,352.2849781,0.0,921.0760461,CE
2024-12-08,53.99139587043309,102.5683365738351,204.72875916957855,140.93190686404705,292.9773038506508,342.0,82.0,2235.0,0.0,0.0,586.2754967,225.345399692414,217.490023440542,233.408811579773,225.341844135367,217.486549032543,233.405173514305,161.0,61.0,524.0,349.690202,0.0,918.4812701,CE
2024-12-15,43.86102904907829,91.500679652123,175.601459864527,106.8512262314558,234.64686228036877,321.0,76.0,2085.95,0.0,0.0,586.2754967,190.724175022615,183.571122012841,198.081023489957,190.721538950516,183.568545457376,198.078327488136,160.0,61.0,482.0,278.5338643,0.0,847.3249324,CE
2024-12-22,25.234937084784633,62.84747877077142,0.0,0.0,0.1,343.0,82.0,2269.0,0.0,0.0,586.2754967,175.043653797561,168.45798012989,181.814522019484,175.04055656278,168.454980760508,181.811342865645,163.0,62.0,526.0,245.9894827,0.0,814.7805508,CE
2024-12-29,96.43551555831131,136.157363146426,155.62404862046242,110.94395063370466,280.8930886089802,366.0,100.0,1428.0,0.0,0.0,586.2754967,412.344866429942,115.459041888385,1071.75747001135,440.834436115799,86.2790576437192,1375.1326600176,185.5,69.0,583.0,259.9073276,0.0,828.6983957,CE
2025-01-05,98.29092525635403,150.85239230903449,185.95181581377983,130.54321209192275,303.2060152217745,454.0,124.0,1756.0,0.0,0.0,586.2754967,447.450875716683,125.29316057788,1162.98570122507,478.366863323475,93.6273878825338,1492.19203704983,210.0,81.0,686.0,440.8230225,0.0,1009.614091,CE
2025-01-12,111.19411450060478,178.7776600585447,253.7633006572723,167.3209622621536,372.4040700256824,557.0,153.0,2177.95,0.0,0.0,586.2754967,508.702342320957,142.45062453183,1322.15601614109,543.850378228753,106.447894840914,1696.42951297433,259.0,96.0,816.0,540.0047482,0.0,1108.795816,CE
2025-01-19,159.2718978389718,243.67596576385318,447.7664563655853,318.43455085754397,576.5107725739479,669.0,184.0,2607.0,0.0,0.0,586.2754967,636.067696150929,178.127662562091,1653.13247716131,680.016027636332,133.106750440218,2121.1186805189,303.0,120.0,1024.0,619.8358309,51.04476281,1188.626899,CE
2025-01-26,177.87167844176972,274.18608996595776,483.8214237689972,323.8700980946422,656.0558439970016,776.0,211.0,3031.95,0.0,0.0,586.2754967,728.356703384038,203.979254961751,1892.95786805956,778.681546418061,152.423729720617,2428.84777424416,375.0,143.0,1120.0,726.3459372,157.5548691,1295.137005,CE
2025-02-02,216.97527498484072,326.81069134855363,610.3665730953217,451.793230843544,797.3584354996681,868.0,239.0,3331.95,0.0,0.0,586.2754967,850.692480954911,238.247443380366,2210.86391885852,909.469957964012,178.029824279239,2836.76543378215,451.0,181.0,1424.0,921.0455901,352.2545221,1489.836658,CE
2025-02-09,256.99469540107754,368.22576412387195,581.3365899920464,389.3352874398232,780.4991810083388,966.0,270.0,3682.95,83.0,0.0,669.2754967,1032.84851188276,289.272284843649,2684.2213859413,1104.21214649525,216.156986734393,3444.14973316914,535.0,210.0,1587.0,980.1945396,411.4034715,1548.985608,CE
2025-02-16,282.0332330808679,376.71015534039424,801.5108690261841,628.6611346006393,983.2272951602936,1085.0,299.0,4079.95,248.0,0.0,834.2754967,913.401797941773,255.813221792474,2373.82217036966,976.511687021501,191.155369342837,3045.8623601713,616.0,246.0,1807.0,1071.001145,502.2100766,1639.792213,CE
2025-02-23,423.26132216472524,501.22242082780997,989.1625646352768,718.1881594657898,1266.5269653320313,1229.0,336.0,4677.95,405.0,0.0,991.2754967,1410.41992881164,395.036111035424,3665.39161900199,1507.87153239973,295.186521693872,4703.1280050158,714.0,295.0,2200.0,1094.309365,525.5182974,1663.100434,CE
2025-03-02,495.03276944951136,580.891403269812,1393.0394735336304,1057.6099203586575,1740.804847431183,1302.0,357.0,4996.0,513.0,0.0,1099.275497,1519.16360505998,425.496956380238,3947.97647858833,1624.12862223903,317.947646555717,5065.72343727194,834.0,324.0,2429.0,1283.629451,714.838383,1852.420519,CE
2025-03-09,458.1633998298943,537.7957259115491,1291.958750247955,953.38141746521,1627.325704407692,1390.0,382.0,5325.0,605.0,18.72450331,1191.275497,1355.59920142851,379.679874403761,3522.93187326579,1449.26252198884,283.711847920455,4520.33096205358,920.5,377.0,2875.0,1553.781699,984.9906308,2122.572767,CE
2025-03-16,521.8055881135506,576.7589502784901,1380.0130712985992,1044.9312224388125,1707.646417617798,1477.0,401.0,5681.0,756.0,169.7245033,1342.275497,1555.6581119219,435.719639743855,4042.81217220507,1663.14455613463,325.586283023215,5187.4105151659,1026.5,415.0,3137.0,1743.141169,1174.350101,2311.932237,CE
2025-03-23,597.7075198077116,639.0209748218278,1573.7078938484192,1179.006846499443,1970.648645877838,1635.0,448.0,6310.0,997.0,410.7245033,1583.275497,1736.64592328835,486.417228722857,4513.13319168266,1856.63743356595,363.468838710566,5790.89761509219,1142.0,456.0,3420.0,1696.882023,1128.090955,2265.673091,CE
2025-03-30,781.5372693272781,856.0071099633528,2159.510450363159,1746.4795044422149,2527.1243262290955,2116.0,557.0,8250.95,1267.0,680.7245033,1853.275497,2259.88790351396,632.987370117711,5872.85023008079,2416.03127390555,472.989436191305,7535.60365380557,1279.5,516.0,3905.0,2046.955751,1478.164683,2615.746819,CE
2025-04-06,881.9859591620309,943.4253224641886,2351.07230758667,1846.531003367901,2847.395525074005,2355.0,625.0,9249.9,1474.0,887.7245033,2060.275497,2563.98788003792,718.167407182492,6663.09103213268,2741.14619176729,536.63942060127,8549.5965284897,1404.0,554.0,4117.0,2457.400171,1888.609103,3026.191239,CE
2025-04-13,820.988412521354,920.3179058279646,2399.5420246124268,2043.9216932296752,2838.14265127182,2514.0,660.0,9747.95,1584.0,997.7245033,2170.275497,2228.17556454593,624.102641612804,5790.43918087166,2382.12897707449,466.351026951988,7429.85947348122,1440.5,596.0,4219.0,2676.797946,2108.006878,3245.589014,CE
2025-04-20,860.0917184255849,944.1099158635762,2392.845175743103,2073.886622428894,2724.811465740204,2660.0,694.0,10425.95,1647.0,1060.724503,2233.275497,2365.05342736619,662.444371140537,6146.1349076366,2528.46443961519,495.001001365469,7886.26703758497,1536.0,593.0,4683.0,2555.076752,1986.285684,3123.86782,CE
2025-04-27,959.5303657395867,1011.0793631270272,2455.6652488708496,1992.60633392334,2747.2589769363403,2771.0,742.0,10831.9,1727.0,1140.724503,2313.275497,2744.81816177436,768.82269178631,7133.00526646302,2934.46914006285,574.489758503221,9152.56036625875,1551.5,636.0,4548.0,2705.711466,2136.920398,3274.502535,CE
2025-05-04,926.4228513312449,994.7375667637561,2552.0895433425903,2217.5103375434874,2843.246852874756,2730.0,697.0,10946.95,1803.0,1216.724503,2389.275497,2547.93119420394,713.671420109151,6621.36759309184,2723.9781464187,533.279227741857,8496.05720047772,1533.0,618.0,4531.0,2699.520728,2130.72966,3268.311796,CE
2025-05-11,874.704600529831,937.5677817898154,2429.632743835449,2095.992847442627,2752.70408411026,2649.5,683.0,10526.85,1784.0,1197.724503,2370.275497,2364.39674406529,662.260417996578,6144.42838304007,2527.76234870185,494.863540688498,7884.07723436875,1509.5,627.0,4158.0,2997.913465,2429.122397,3566.704533,CE
2025-05-18,876.3934302079675,916.5878437090623,2226.8990116119385,1911.5171441078187,2522.8554888248445,2507.0,644.0,10057.0,1599.0,1012.724503,2185.275497,2503.86684379177,701.32831081532,6506.86078610725,2676.86943263731,524.056171866584,8349.12961630629,1422.0,597.0,4325.0,2917.114301,2348.323233,3485.905369,CE
2025-05-25,711.5570926895615,832.7141144795012,2093.52748298645,1832.1552843093873,2333.91540184021,2380.0,610.0,9384.9,1287.0,700.7245033,1873.275497,1953.9008419709,547.273845067616,5077.69934449733,2088.90341321694,408.942512909827,6515.31475086228,1367.0,586.0,4016.0,2334.119433,1765.328365,2902.910501,CE
2025-06-01,650.9038332343413,795.3545472100334,2062.031279563904,1686.197426557541,2350.7769997596743,1964.0,492.0,8050.0,965.0,378.7245033,1551.275497,1824.41423301217,511.002562797705,4741.21104986864,1950.47009933266,381.839663873622,6083.55352533105,1271.5,521.0,3684.0,1944.635843,1375.844775,2513.426911,CE
2025-06-08,627.623585579678,782.7220443094376,1970.7398443222048,1645.5737810611724,2252.7580040931703,1837.0,456.0,7361.95,729.0,142.7245033,1315.275497,1831.07025012492,512.867055381803,4758.50797665101,1957.58626559652,383.232904483646,6105.7486070778,1179.5,477.0,3271.0,1840.754128,1271.96306,2409.545196,CE
2025-06-15,513.4665109168719,721.6591853544296,1948.620780467987,1645.2436493396758,2152.3563631057737,1671.5,417.0,6868.9,576.0,0.0,1162.275497,1439.66383259536,403.224569315322,3741.40067015672,1539.13582952458,301.303398859729,4800.66917740513,1086.0,460.0,3102.0,1679.280959,1110.489891,2248.072027,CE
2025-06-22,502.6080939158798,681.6563354864463,1749.4771065711975,1392.3243013381957,1963.3297901153564,1550.0,389.0,6348.9,438.0,0.0,1024.275497,1480.05702950697,414.539422560459,3846.36856075599,1582.32047992673,309.758187492645,4935.35952121078,1002.0,417.0,2884.0,1478.472692,909.6816243,2047.26376,CE
2025-06-29,369.9236050923595,626.6024935689729,1708.8575568199158,1392.6148451805116,1930.143249320984,1630.0,396.0,6913.0,268.0,0.0,854.2754967,1097.60397835083,307.408117920575,2852.51185101334,1173.44149544705,229.707267515652,3660.09642481035,893.0,367.0,2669.0,1239.198818,670.4077497,1807.989886,CE
2025-07-06,370.5632701606893,592.4154071862185,1486.7901573181152,1213.5448823451995,1684.0741302490233,1497.0,364.0,6287.95,83.0,0.0,669.2754967,1201.60166566537,336.539627207097,3122.76485621531,1284.62552130807,251.475080200282,4006.87185734132,815.5,346.0,2327.0,1190.283803,621.4927353,1759.074871,CE
2025-07-13,265.04081108772294,491.6542420073025,1296.7920598983765,1026.7513856887815,1577.160964822769,1351.0,327.0,5719.95,0.0,0.0,586.2754967,859.585909135789,240.735499564871,2233.98975653036,918.977840509752,179.888066655725,2866.44370494961,717.0,294.0,2301.0,1012.116188,443.3251204,1580.907257,CE
2025-07-20,254.86030228375762,456.1313996136307,1178.7799396514893,915.892250919342,1376.34720685482,1222.0,297.0,5137.95,0.0,0.0,586.2754967,836.629932340001,234.305231400071,2174.33593552677,894.436085282982,175.083291206607,2789.90022052125,683.0,270.0,1923.0,948.2062232,379.4151552,1516.997291,CE
2025-07-27,233.41770065526157,422.0073487241858,1152.1641836166382,901.3850160360336,1379.0622101068498,1110.5,270.0,4703.9,0.0,0.0,586.2754967,740.683192260383,207.429025240239,1925.00512500914,791.859869879485,155.00078987135,2469.97258341307,614.0,251.0,1804.0,809.199733,240.408665,1377.990801,CE
2025-08-03,222.54484309974524,381.41971241469435,1127.4405455589294,899.7667949676513,1374.2832122087475,848.0,218.0,3585.0,0.0,0.0,586.2754967,690.571293379876,193.391130874042,1794.77539677889,738.281263396133,144.510981208273,2302.86287423398,539.0,221.0,1571.0,792.3712766,223.5802085,1361.162345,CE
2025-08-10,216.963643763207,351.3698314755936,980.7863490581512,737.4376592159272,1250.6497938632965,769.0,198.0,3196.95,0.0,0.0,586.2754967,688.101412385113,192.699310966574,1788.35757434291,735.641042244614,143.994093832703,2294.62868689274,490.5,196.0,1368.0,696.6239351,127.8328671,1265.415003,CE
2025-08-17,164.12618671659104,281.6711351105812,788.6582424640656,536.369037258625,964.5767880558968,674.0,176.0,2855.0,0.0,0.0,586.2754967,518.058593889235,145.068003496617,1346.48071730197,553.850883144873,108.403069405754,1727.63914286245,434.5,170.0,1332.0,639.8009416,71.0098735,1208.59201,CE
2025-08-24,129.07046310000047,222.10571637966527,553.7481670379639,405.652434694767,685.9718678474426,594.0,155.0,2519.95,0.0,0.0,586.2754967,433.103519810876,121.270966413521,1125.71472723598,463.026832525228,90.6214852079343,1444.36596691605,380.0,151.0,1116.0,539.4252932,0.0,1108.216361,CE
2025-08-31,132.13634870601993,215.54407376527575,556.5816421508789,404.4616628527641,671.5973104536533,527.0,137.0,2235.95,0.0,0.0,586.2754967,428.793506520781,120.063716936846,1114.51498343472,458.419342611421,89.7194536205543,1429.99589303381,347.0,130.0,1007.0,412.6330338,0.0,981.4241018,CE
2025-09-07,103.2507476239598,173.57583009691575,398.52558302879333,275.3469263315201,491.28566628694534,482.0,126.0,2015.0,0.0,0.0,586.2754967,367.38309061982,102.861827135964,954.93217090017,392.766211251187,76.8658335300271,1225.22843521869,299.0,123.0,976.0,378.232324,0.0,947.0233921,CE
2025-09-14,103.19821972109109,161.01396841113674,323.79184103012085,211.9547095581889,423.7833435237408,438.0,114.0,1874.9,0.0,0.0,586.2754967,396.638422503313,111.056669437944,1030.95621031185,424.042956153104,82.9892347007621,1322.77868894149,275.0,108.0,866.0,359.7875657,0.0,928.5786337,CE
2025-09-21,99.8828024018113,157.77417023169016,365.58708095550537,266.5877491235733,450.1059147834778,400.0,102.0,1682.0,0.0,0.0,586.2754967,348.29351917399,97.5146472239484,905.325715762529,372.358066886755,72.870353019134,1161.57710904161,252.0,100.0,827.0,360.3166789,0.0,929.107747,CE
2025-09-28,88.185106066098,140.60472108130634,321.33255100250244,264.6363285303116,372.95323618650434,364.0,94.0,1540.0,0.0,0.0,586.2754967,311.280742446795,87.1469099218535,809.143314208969,332.788278528243,65.1233764507762,1038.16177858854,232.0,87.0,748.0,306.2876062,0.0,875.0786743,CE
2024-10-06,1847.3212118196009,3901.2414735634075,1336.9195873737335,1157.3033530712128,1522.965453720093,929.0,230.0,3911.95,4355.0,2971.484768,5738.515232,2242.67905029599,2189.84225173684,2296.45139700421,2242.68613921018,2189.84910393191,2296.45872970524,692.0,374.0,1347.0,558.7186819,0.0,1631.696704,GO
2024-10-13,1774.6412363307627,3293.5316307241815,0.0,0.0,0.1,972.0,240.0,4062.0,4365.0,2981.484768,5748.515232,2725.78602073572,2667.27122486093,2785.24670271154,2725.79582186354,2667.28076531585,2785.25676705482,706.0,374.0,1355.0,578.3643788,0.0,1651.342401,GO
2024-10-20,1832.6185749530891,4038.348012306509,1070.8688811287284,840.9611314624548,1205.437252366543,1024.0,249.0,4246.95,4346.0,2962.484768,5729.515232,2552.6350910917,2496.10313274727,2610.10834801015,2552.64340404843,2496.11119646219,2610.11691617238,735.0,392.0,1428.0,642.850318,0.0,1715.82834,GO
2024-10-27,1817.558679384937,4095.969773172195,1028.6021275520325,872.7164511203766,1184.7063979506493,1095.0,269.0,4557.9,4300.0,2916.484768,5683.515232,2557.58564775034,2500.99512946253,2615.11720602235,2557.59381340707,2501.00304949119,2615.1256234338,787.0,424.0,1528.0,588.1925131,0.0,1661.170535,GO
2024-11-03,1866.6359800787636,4705.750933376658,1522.0383672118187,1288.526893532276,1707.6263512551784,1148.0,279.0,4803.95,4282.0,2898.484768,5665.515232,2877.33383183981,2817.14045265686,2938.47387823016,2877.34331916293,2817.14968340883,2938.48362710769,848.0,448.0,1611.0,617.8877283,0.0,1690.86575,GO
2024-11-10,1924.3309956454643,5063.531739910878,1611.7390708625317,1391.7209205746651,1855.2620458543304,1280.0,315.0,5377.9,4361.0,2977.484768,5744.515232,3076.65414329106,3014.30387880176,3139.95300989882,3076.6636572521,3014.31314161035,3139.96278044889,896.5,472.0,1768.0,747.0119642,0.0,1819.989986,GO
2024-11-17,2034.2212334462656,5494.338903908992,1650.9608318507671,1407.4190548062325,1872.60789052248,1395.0,342.0,5784.95,4532.0,3148.484768,5915.515232,3605.10430608303,3537.31860145002,3673.84742849905,3605.11622340299,3537.33025167937,3673.85961535825,938.5,537.0,1907.0,808.9503435,0.0,1881.928365,GO
2024-11-24,2077.1375078113115,5546.700372369957,1780.1191762536764,1545.90025844872,1991.3532010555268,1439.0,353.0,6036.95,4693.0,3309.484768,6076.515232,3282.30084373543,3217.77260967944,3347.77882371265,3282.30974113953,3217.78128551778,3347.78794803973,1025.5,546.0,1966.0,945.4434061,0.0,2018.421428,GO
2024-12-01,2210.7549940400704,6475.429834767915,1782.525102376938,1487.1068079590798,2034.636109471321,1760.0,420.0,7550.9,4734.0,3350.484768,6117.515232,4616.75739247784,4539.44727731889,4695.03879105003,4616.77276950862,4539.46237809697,4695.05443950178,1058.5,576.0,2095.0,1021.774696,0.0,2094.752718,GO
2024-12-08,2094.2311677703656,5855.164674027365,1542.1078471019864,1315.8503688126802,1797.5666127860543,1696.0,408.0,7213.0,4658.0,3274.484768,6041.515232,3723.54147541929,3654.59173927462,3793.44863189359,3723.55261019658,3654.60261649806,3793.46002912123,1104.5,609.0,2135.0,1190.831725,117.8537034,2263.809747,GO
2024-12-15,2002.256522599114,5226.152501207902,960.5967620015144,791.7301304578781,1133.0136876761912,1724.0,410.0,7289.0,4629.0,3245.484768,6012.515232,3244.6691711823,3180.53867247635,3309.74931316183,3244.67827252691,3180.54754224045,3309.758651486,1186.0,650.0,2379.0,1120.368433,47.39041071,2193.346455,GO
2024-12-22,2160.3792096930492,6082.354806008031,1186.9360545873642,1008.6407292544842,1331.6702910542488,1996.0,481.0,8402.0,4855.0,3471.484768,6238.515232,3968.69585803508,3901.00933508404,4037.24559258334,3968.70333925507,3901.01665627601,4037.25323646854,1353.5,731.0,2606.0,844.6783613,0.0,1917.656383,GO
2024-12-29,2407.121761320618,7367.8282566049775,2336.6312421560287,2000.7319186687469,2642.4167237341403,3030.0,724.0,12592.95,5417.0,4033.484768,6800.515232,2143.33576415961,469.623913350324,6332.56317757691,10334.1395505596,1584.2784230414,35911.0788556833,1610.0,875.0,3186.0,1050.019597,0.0,2122.997619,GO
2025-01-05,2721.0533248140355,8444.982322428488,2273.628675460815,1941.1927024424076,2517.8636336386203,3848.0,927.0,16248.75,6193.0,4809.484768,7576.515232,2255.65977527987,494.236661098315,6664.41679478083,10875.7059660374,1667.30784365432,37792.9640695907,1950.5,1049.0,3774.0,1959.426139,886.4481173,3032.404161,GO
2025-01-12,3071.9996189938106,9882.254655373263,2425.6721692085266,2110.994556879997,2706.4076666638252,4723.0,1113.0,19939.7,6955.0,5571.484768,8338.515232,2556.62707839178,560.185383869223,7553.60884943651,12326.8258389797,1889.78435229629,42835.4841642724,2327.5,1246.0,4613.0,2376.362547,1303.384525,3449.340569,GO
2025-01-19,3362.236007105728,11139.286105751493,2703.4610700421035,2426.526223641634,3100.6181891411543,5397.0,1303.0,22952.3,7543.0,6159.484768,8926.515232,2838.3928738957,621.926612567417,8386.07089555923,13685.3646243631,2098.06688854357,47556.2920611837,2701.0,1450.0,5277.0,2695.231016,1622.252994,3768.209039,GO
2025-01-26,3655.618487768048,12610.445322015008,3272.759890794754,2861.780774861574,3674.098790073395,5949.0,1426.0,25351.85,7964.0,6580.484768,9347.515232,3345.41813784129,733.027283557745,9884.05030925016,16129.9969982594,2472.86244846925,56051.1847468792,3059.5,1684.0,6028.0,3052.262015,1979.283993,4125.240037,GO
2025-02-02,3799.830138803344,12911.749188779002,3234.116574704647,2936.218517827988,3628.3972129940985,6042.5,1430.0,24952.95,8323.0,6939.484768,9706.515232,3631.21994521312,795.652892048105,10728.4364805536,17507.9953114042,2684.12839298039,60839.6126156553,3400.0,1821.0,6678.0,3625.980927,2553.002905,4698.958949,GO
2025-02-09,4046.1870233417503,13963.864942808406,3742.987493351102,3326.09752420187,4180.313603973388,6295.0,1483.0,25967.75,8689.0,7305.484768,10072.51523,4112.84272306129,901.18729672186,12151.3654275225,19830.1485095864,3040.14619933885,68908.8997499739,3648.0,1982.0,7333.0,3614.376303,2541.398281,4687.354325,GO
2025-02-16,4173.219396866321,14699.223819978504,3312.0450134277344,2872.065601927042,3769.562312562018,6754.0,1583.0,27938.15,9041.0,7657.484768,10424.51523,4937.14419656139,1081.81035199816,14586.7207336343,23804.5347343725,3649.47395990838,82719.5590224305,3890.5,2094.0,7548.0,3892.235187,2819.257165,4965.213209,GO
2025-02-23,4308.662979312805,15375.901189864908,3641.00869178772,3210.3324896097183,4100.824199056626,7290.5,1745.0,29994.8,9314.0,7930.484768,10697.51523,4505.07053384662,987.133247304626,13310.1816474698,21721.2820636406,3330.08280064758,75480.4296843,4044.5,2168.0,7614.0,3975.294944,2902.316922,5048.272966,GO
2025-03-02,4365.569643657931,14665.733614281624,3827.2795481681824,3340.594935911894,4243.434362512827,6524.0,1540.0,27274.0,9485.0,8101.484768,10868.51523,4572.37976891717,1001.88221954827,13509.0432336945,22045.8148859514,3379.8381201708,76608.154041039,4172.0,2337.0,8206.0,4329.936986,3256.958964,5402.915008,GO
2025-03-09,4459.617382816835,15518.102154926188,3762.066470861435,3203.778866291046,4179.8438372612,7023.0,1653.0,29192.9,9583.0,8199.484768,10966.51523,5044.40912217444,1105.31450818045,14903.6291600518,24321.7141785267,3728.76461767617,84516.713673046,4354.0,2350.0,8325.0,4548.139926,3475.161904,5621.117948,GO
2025-03-16,4502.2270963648,16003.967613488636,3976.41464176774,3509.9965522617103,4456.910266304016,7462.0,1761.0,30605.95,9642.0,8258.484768,11025.51523,4704.97211266533,1030.93619723118,13900.7803659768,22685.1116903712,3477.85107028963,78829.6570262392,4427.5,2426.0,8537.0,4666.200334,3593.222312,5739.178356,GO
2025-03-23,4468.800471634914,16266.538762822696,3927.126015424728,3461.769299554825,4386.271812206506,7908.0,1885.0,32752.95,9661.0,8277.484768,11044.51523,4357.85006156298,954.873922381179,12875.2265563972,21011.4557462956,3221.25672574116,73013.8428548237,4498.5,2528.0,8780.0,4791.112845,3718.134823,5864.090867,GO
2025-03-30,4331.537280636558,15554.484538210545,3139.5174155831337,2618.2599358081816,3638.183383798599,7795.0,1761.0,33612.0,9633.0,8249.484768,11016.51523,4557.73230358079,998.673992692393,13465.7604518626,21975.1982816155,3369.01504761421,76362.739230438,4552.0,2431.0,8526.0,4402.780328,3329.802306,5475.75835,GO
2025-04-06,4312.686762509338,15813.888751837592,3414.8290078639984,2877.2454615831375,3829.295514345169,8149.5,1824.0,34793.95,9585.0,8201.484768,10968.51523,4020.84080114347,881.0260150383,11879.5597243901,19386.5533006302,2972.13289931192,67367.4782018961,4527.5,2522.0,8275.0,4730.818745,3657.840723,5803.796767,GO
2025-04-13,4254.458170564421,15671.756155762072,2803.347775697708,2442.668145814538,3239.4967472314834,8129.5,1850.0,35546.85,9567.0,8183.484768,10950.51523,4792.77454235004,1050.17570054256,14160.1881570457,23108.4534014885,3542.75516751348,80300.7345550867,4468.5,2488.0,8290.0,4798.144696,3725.166674,5871.122718,GO
2025-04-20,4205.920520489538,15355.114244760218,2574.679896891117,2210.716777133942,3062.712873186916,8037.5,1817.0,34600.7,9577.0,8193.484768,10960.51523,4760.03213893879,1043.00109114033,14063.4523074851,22950.5846925959,3518.55171101514,79752.1534447276,4347.5,2385.0,7936.0,4130.853738,3057.875716,5203.83176,GO
2025-04-27,4193.664943937451,15062.169203232661,2644.328784227371,2290.1730170845985,3067.8874307632445,7756.5,1746.0,33354.95,9514.0,8130.484768,10897.51523,4625.57450308544,1013.53839334337,13666.2043679497,22302.2947394402,3419.16000672558,77499.4004222309,4163.5,2353.0,7821.0,4326.805604,3253.827582,5399.783626,GO
2025-05-04,3979.1911985209363,13687.441795098332,2165.5794365406036,1840.033589489758,2560.532665872574,7030.0,1532.0,30926.8,9237.0,7853.484768,10620.51523,4336.23170830425,950.136866625522,12811.3564477072,20907.2231178713,3205.27647150418,72651.6439108518,3833.0,2137.0,7614.0,4408.512849,3335.534827,5481.490871,GO
2025-05-11,3715.791539012317,12183.687005974629,1872.0826745033264,1508.4487820595502,2225.5014700829984,6194.0,1361.0,27296.7,8695.0,7311.484768,10078.51523,3840.12321594703,841.428319915725,11345.6303008517,18515.2270564391,2838.55081123325,64339.6590102646,3460.0,1939.0,6776.0,4116.521023,3043.543001,5189.499045,GO
2025-05-18,3351.223239510517,10016.314748624372,1335.8469449281693,1098.282994955778,1685.3000661611557,5172.0,1142.0,23436.85,7988.0,6604.484768,9371.515232,2939.52827405737,644.087656286501,8684.87006054534,14172.9907891737,2172.82663655342,49250.7519586295,3086.0,1698.0,5795.0,3510.848169,2437.870147,4583.826191,GO
2025-05-25,3063.1224361375444,8681.576345357626,1535.2156975269318,1238.0994463443756,1819.225405216217,4277.0,948.0,19143.85,7310.0,5926.484768,8693.515232,2433.2949446635,533.160526712388,7189.23048339839,11732.1772111999,1798.61657685676,40769.1296822419,2649.5,1473.0,5052.0,2862.385433,1789.407411,3935.363455,GO
2025-06-01,2825.083559800154,7279.658837892989,1257.8079751729963,969.8166797012092,1441.749796748161,3445.0,731.0,15936.95,6804.0,5420.484768,8187.515232,2209.14866713217,484.045042351501,6527.00236291255,10651.4524780392,1632.9267532651,37013.7027256889,2315.5,1267.0,4459.0,2481.706766,1408.728744,3554.684788,GO
2025-06-08,2647.8112919349232,6061.824532396994,1129.4973694086077,898.297147846222,1343.1572668075562,2754.0,584.0,12665.0,6482.0,5098.484768,7865.515232,1791.89007534986,392.614278488153,5294.23376043219,8639.63174217696,1324.48714272505,30022.7938604452,1939.0,1046.0,3737.0,2135.140952,1062.16293,3208.118974,GO
2025-06-15,2531.773805275854,5263.94401870357,1296.185905277729,1035.0683157846331,1469.285934317112,2184.0,460.0,10062.95,6250.0,4866.484768,7633.515232,1520.63508106216,333.16708718871,4492.88841839368,7331.78906602482,1123.94625869962,25478.4488647832,1633.5,892.0,3101.0,1800.147506,727.1694843,2873.125528,GO
2025-06-22,2386.311203652124,4378.265179685447,1034.1112471818924,832.6761432409287,1199.8893264770506,1714.0,365.0,7936.95,6025.0,4641.484768,7408.515232,1377.78572182426,301.865586509892,4070.84783276484,6643.03847954895,1018.35175293836,23085.0964368953,1369.5,735.0,2666.0,1515.549532,442.5715096,2588.527554,GO
2025-06-29,2199.43628797003,3441.131521210577,927.6997331604362,734.507600780949,1050.214671999216,1318.5,274.0,6168.0,5797.0,4413.484768,7180.515232,874.823606247962,191.655112795285,2584.87068783269,4217.98619560396,646.558990741137,14658.2235132177,1129.0,627.0,2173.0,1191.25257,118.2745477,2264.230592,GO
2025-07-06,2128.857327337354,3146.149600618128,859.487253844738,682.4841624744237,967.0533431321384,1074.0,224.0,5051.9,5619.0,4235.484768,7002.515232,1014.57409217581,222.2777075382,2997.75735570227,4891.8019281738,749.864095959543,16999.684650211,964.0,520.0,1861.0,942.8231223,0.0,2015.801144,GO
2025-07-13,1979.0082846950222,2415.570143893165,0.0,0.0,0.1,912.0,190.0,4311.95,5532.0,4148.484768,6915.515232,875.747659983113,191.857702468096,2587.60133151078,4222.4450473793,647.242880827613,14673.7199004291,835.0,438.0,1661.0,769.5386988,0.0,1842.516721,GO
2025-07-20,1995.7091149200091,2476.7949199210116,625.429553091526,476.1796388089657,750.457732361555,808.0,167.0,3796.0,5522.0,4138.484768,6905.515232,676.379276430078,148.171567077601,1998.57684979998,3261.18198412214,499.86855130415,11333.4025062793,745.0,402.0,1463.0,675.4973576,0.0,1748.47538,GO
2025-07-27,1982.499220925396,2334.1201122992657,400.88310420513153,152.0526382446289,708.6658505678176,749.0,157.0,3555.0,5540.0,4156.484768,6923.515232,731.726815731497,160.299509661358,2162.09925858575,3528.04519123556,540.782304859521,12260.7350997728,675.5,366.0,1294.0,580.8212955,0.0,1653.799317,GO
2025-08-03,1942.604622450363,2099.8151224862872,503.004114151001,343.97495060563085,617.7802378058433,604.0,148.0,2502.95,5545.0,4161.484768,6928.515232,560.232622834896,122.721263069021,1655.42729551927,2701.1782879859,414.012816684514,9387.43388529901,637.5,349.0,1264.0,590.268004,0.0,1663.246026,GO
2025-08-10,1899.251768321385,1868.2271479760138,0.0,0.0,0.1,587.0,143.0,2413.95,5536.0,4152.484768,6919.515232,592.025631611968,129.687871529861,1749.35882032802,2854.47189706512,437.5148369814,9920.11981339531,611.0,336.0,1177.0,543.2358835,0.0,1616.213906,GO
2025-08-17,1911.56898267368,1965.3862398622332,450.7652494907379,215.05099802017213,693.5229109287261,554.0,136.0,2303.0,5537.0,4153.484768,6920.515232,485.408862008214,106.325707847495,1434.36405813091,2340.41314259367,358.702856499627,8133.8026418491,590.5,317.0,1182.0,534.3344643,0.0,1607.312486,GO
2025-08-24,1904.687876824663,1825.1455484367898,0.0,0.0,0.1,543.0,133.0,2213.0,5568.0,4184.484768,6951.515232,601.086104522133,131.673212095305,1776.12800086061,2898.15827332139,444.212481551193,10071.9284558105,583.0,318.0,1141.0,514.2552826,0.0,1587.233305,GO
2025-08-31,1901.6893097659117,1757.4346477211582,116.01356506347656,0.0,421.19293899536126,507.0,123.0,2052.0,5618.0,4234.484768,7001.515232,463.595146372716,101.545800110186,1369.91650639315,2235.23704987515,342.577900573227,7768.32394445003,595.0,311.0,1124.0,463.211938,0.0,1536.18996,GO
2025-09-07,2000.2741415519522,2176.319150878826,737.5120849609375,451.8874157249928,938.9098773002625,538.0,130.0,2206.0,5654.0,4270.484768,7037.515232,622.455641751682,136.355761488421,1839.2628661478,3001.19115126345,460.008782987316,10429.9581118356,603.5,327.0,1186.0,466.1100811,0.0,1539.088103,GO
2025-09-14,2016.3881283039009,2285.3855801705436,864.5361825600266,660.6149719119072,1062.8720530629157,576.0,139.0,2338.0,5653.0,4269.484768,7036.515232,626.884242695268,137.326143979264,1852.34640430121,3022.54180722039,463.282063841599,10504.1477717193,629.0,341.0,1191.0,518.6890811,0.0,1591.667103,GO
2025-09-21,1944.960702252223,1978.2820774652325,0.0,0.0,0.1,610.0,149.0,2510.95,5622.0,4238.484768,7005.515232,710.699387741321,155.691931328794,2099.97455754871,3426.66034968434,525.238706931068,11908.4299573454,640.0,351.0,1297.0,538.3140869,0.0,1611.292109,GO
2025-09-28,2010.56330642652,2356.7907700095234,928.767527282238,658.3101343035698,1169.939223979227,606.0,148.0,2498.85,5593.0,4209.484768,6976.515232,647.580746060935,141.861211721131,1913.49324075307,3122.33072680263,478.581001011252,10850.9066325633,666.0,352.0,1274.0,519.2977936,0.0,1592.275816,GO
2024-10-06,20837.754389126723,20844.61331250959,0.0,0.0,0.1,3496.0,1050.0,11762.7,26725.0,20350.98013,33099.01987,6421.11861113033,6278.1440100302,6566.48189233641,6421.14138112988,6278.16675020607,6566.50468328799,903.0,374.0,3259.0,416.9261529,0.0,4954.856901,MG
2024-10-13,21584.22157052231,21399.946434582052,0.0,0.0,0.1,3738.0,1127.0,12505.0,26250.0,19875.98013,32624.01987,7631.26454398112,7475.09901529592,7789.83504595106,7631.28055212363,7475.11504387161,7789.85102757547,953.5,386.0,3545.0,434.4496652,0.0,4972.380413,MG
2024-10-20,21241.979228859058,21172.570342142848,0.0,0.0,0.1,3845.0,1164.0,12982.85,25944.0,19569.98013,32318.01987,7350.01352308593,7196.82847323459,7505.59609829998,7350.03465613607,7196.84957548902,7505.61725695616,983.0,424.0,4276.0,547.0273216,0.0,5084.95807,MG
2024-10-27,21523.066938183332,21532.790357362468,0.0,0.0,0.1,4122.0,1243.0,13908.0,25872.0,19497.98013,32246.01987,7641.77803695035,7485.50326246049,7800.44977825451,7641.80144384866,7485.52661586476,7800.47323302002,1039.5,451.0,4157.0,491.3041732,0.0,5029.234921,MG
2024-11-03,22892.650497302187,22759.92788348337,0.0,0.0,0.1,4262.0,1288.0,14491.9,25937.0,19562.98013,32311.01987,9457.77828326004,9283.51026439461,9634.45783337862,9457.7973912911,9283.5293396561,9634.47696967686,1149.0,487.0,4591.0,509.3082918,0.0,5047.23904,MG
2024-11-10,23351.482913152002,23410.32670217398,0.0,0.0,0.1,4796.0,1433.0,16181.9,25893.0,19518.98013,32267.01987,9820.54487358006,9642.88385780156,10000.6125166303,9820.57181769434,9642.91069821683,10000.6395601666,1223.5,537.0,4931.0,612.9876185,0.0,5150.918367,MG
2024-11-17,25810.44899961077,25829.26497001841,208.28778537223116,148.1919195663184,311.38869351642205,5611.5,1678.0,18886.0,25602.0,19227.98013,31976.01987,12543.960979123,12342.6145013577,12747.7297187963,12543.9840183763,12342.6374491219,12747.7528468868,1366.5,551.0,5905.0,642.8618325,0.0,5180.792581,MG
2024-11-24,26597.67357445163,26319.33563939382,0.0,0.0,3.1636775553225007,6218.0,1876.0,21000.85,25216.0,18841.98013,31590.01987,13316.6707024199,13109.0740394899,13526.6888060616,13316.7000014738,13109.1031912805,13526.7182509126,1526.0,646.0,5722.0,840.1419748,0.0,5378.072723,MG
2024-12-01,29273.166879299704,30073.52860055254,960.2894105315208,824.8400982230902,1142.8038817103952,8076.0,2417.0,27277.0,25044.0,18669.98013,31418.01987,15412.2178859878,15188.4858434133,15638.379763099,15412.2472102635,15188.5150079667,15638.4092458446,1695.5,734.0,6513.0,905.5564277,0.0,5443.487176,MG
2024-12-08,30690.23381453625,30735.29057593551,466.911287009716,368.9446810876951,561.7301038153469,8504.0,2543.0,28830.95,25250.0,18875.98013,31624.01987,16835.8874936448,16601.7818180023,17072.4281797543,16835.9170316111,16601.8111879334,17072.4578846541,1901.0,827.0,7778.0,1117.642186,0.0,5655.572935,MG
2024-12-15,30642.54134150473,30792.438020322807,82.42070097848773,44.92211281117052,127.945745026716,9427.5,2798.0,32128.55,25759.0,19384.98013,32133.01987,15900.4065225521,15673.0588758272,16130.1829384651,15900.4413992946,15673.0935546972,16130.2180117603,2161.5,927.0,8054.0,1221.01677,0.0,5758.947519,MG
2024-12-22,34266.315984788016,37284.814596325414,2738.171303331852,2429.460841500759,2992.070740330219,11380.0,3391.0,38431.9,26472.0,20097.98013,32846.01987,18262.4220171697,18024.9109699736,18502.2392227057,18262.451955832,18024.9407781284,18502.2692905122,2547.5,1088.0,9576.0,1306.603864,0.0,5844.534612,MG
2024-12-29,30229.04875944482,43759.03054735443,9098.822844028473,8175.46347193718,9854.564245152473,18951.0,5621.0,64645.75,27484.0,21109.98013,33858.01987,3910.5888748072,134.227173345949,20824.348254461,79254.1510103487,1384.50154095075,459994.360687512,2920.0,1285.0,10608.0,1657.984488,0.0,6195.915236,MG
2025-01-05,39129.859008935964,61837.0624779632,19074.08786725998,16972.85068407059,21093.77443070412,24073.5,7071.0,82748.55,29001.0,22626.98013,35375.01987,5104.17097403778,175.196700613759,27180.2930922887,103444.281668147,1807.09194334233,600394.786791168,3471.5,1543.0,12957.0,3003.125202,0.0,7541.05595,MG
2025-01-12,47136.97040093599,77765.65230545221,26699.51684331894,23205.705437660217,30244.069461011888,28930.0,8515.0,99229.9,31048.0,24673.98013,37422.01987,6771.33529109167,232.421909225492,36058.1211374302,137231.849362746,2397.34413934069,796498.841502977,4085.5,1886.0,13922.0,3700.442238,0.0,8238.372986,MG
2025-01-19,50582.862123380786,76836.23398739909,21778.69247674942,19795.72044429779,23794.52724928856,32523.5,9587.0,112196.6,33366.0,26991.98013,39740.01987,8973.23567893863,308.001654770831,47783.4428416768,181856.391979319,3176.91107852119,1055500.3961419,4794.0,2105.0,16199.0,4248.338058,0.0,8786.268807,MG
2025-01-26,57784.17956674374,91864.52100352984,30108.75131893158,27702.191258239745,32175.687451553345,34936.0,10305.0,119839.8,35656.0,29281.98013,42030.01987,10989.9703332427,377.225607679398,58522.7369325605,222728.631643677,3890.92870463541,1292723.99387794,5415.0,2545.0,18657.0,4890.329861,352.3991131,9428.26061,MG
2025-02-02,67401.01366630515,108320.96225163779,36410.65853023529,33794.79892816544,38865.488175678256,41756.0,12139.0,143737.95,37876.0,31501.98013,44250.01987,13418.5955022427,460.587585152733,71455.3816782007,271948.374311651,4750.77275584393,1578396.6323957,6170.0,2867.0,21276.0,5814.124528,1276.19378,10352.05528,MG
2025-02-09,70523.51427406832,104604.83312014287,28189.45293712616,26126.95135746002,30309.11853685379,47238.0,13754.0,161647.45,40181.0,33806.98013,46555.01987,15766.4254283246,541.17636691356,83957.7972338455,319530.780507851,5582.01361878128,1854566.21219135,6973.5,3193.0,22644.0,6920.073324,2382.142576,11458.00407,MG
2025-02-16,75837.42471319925,105385.67477812618,22527.505248069763,20508.551316928864,24047.602639770503,54026.0,15864.0,187228.05,42586.0,36211.98013,48960.01987,17920.8434214346,615.126363154923,95430.2821459726,363193.419656411,6344.77806598697,2107985.34276833,7683.0,3474.0,25969.0,8887.716622,4349.785874,13425.64737,MG
2025-02-23,80884.4665535508,104827.88444976299,16062.605412483215,14108.21169204712,17798.583831977845,61115.0,17762.0,209963.65,44774.0,38399.98013,51148.01987,19333.7379849673,663.623696508757,102954.081378576,391827.9216574,6845.00848844359,2274180.76415655,8573.0,3751.0,29534.0,9851.535666,5313.604918,14389.46641,MG
2025-03-02,86500.46268618848,109608.39078873656,14697.036289691923,12740.92014708519,16415.320215272903,67196.5,19589.0,231917.8,46355.0,39980.98013,52729.01987,20894.1487692895,717.18449245532,111263.418151312,423452.062654576,7397.46637385728,2457728.11937958,9305.0,4219.0,31066.0,10333.5285,5795.597756,14871.45925,MG
2025-03-09,91556.15952344393,119577.65050880058,18734.523590564728,17193.32174181938,20431.79882259369,72959.0,21083.0,250532.7,47281.0,40906.98013,53655.01987,20965.924826679,719.648192724821,111645.632695468,424906.718431495,7422.87850536426,2466170.98834879,9920.0,4416.0,33849.0,11281.77595,6743.845201,15819.7067,MG
2025-03-16,93677.80865185165,117577.21933281458,14682.40739274025,12600.19656496048,16956.047593593597,76121.5,22309.0,263075.7,47906.0,41531.98013,54280.01987,21698.8771575576,744.806636180653,115548.673638093,439761.126731512,7682.37752501117,2552386.35425601,10198.5,4475.0,35343.0,12985.21276,8447.28201,17523.14351,MG
2025-03-23,91471.97004470904,108928.90439962759,7971.748597383499,4489.27788836658,10803.654039235413,78352.0,22740.0,270792.25,48593.0,42218.98013,54967.01987,18438.2052294157,632.884710849859,98185.2839943768,373678.568484764,6527.9484397835,2168841.45265975,11180.0,4718.0,36985.0,13310.11044,8772.179692,17848.04119,MG
2025-03-30,94427.65761070576,108208.77927284526,4857.73223349452,2438.4342420101166,8319.939761042595,80197.0,22597.0,275705.7,49314.0,42939.98013,55688.01987,20658.3451747045,709.090632282304,110007.741612572,418673.120532883,7313.9808916537,2429991.0235903,11547.0,5043.0,39888.0,13459.15915,8921.228406,17997.0899,MG
2025-04-06,94673.08812420296,112997.54957360927,8839.50094857812,4897.745456814766,12737.512992759048,79986.0,22825.0,281105.55,49744.0,43369.98013,56118.01987,20066.8994055783,688.789262820818,106858.235805019,406686.586026294,7104.58159716584,2360420.82484575,11418.5,4890.0,43133.0,15252.51695,10714.58621,19790.4477,MG
2025-04-13,89249.03763259345,103522.45637044375,4691.521500170231,1934.4473263323307,9226.435354185103,76800.5,21942.0,267518.5,49688.0,43313.98013,56062.01987,17240.3456202239,591.768407564746,91806.5660315525,349402.07692847,6103.85023433634,2027940.02624485,10979.0,4936.0,41732.0,15277.82675,10739.896,19815.7575,MG
2025-04-20,83571.03456718095,99606.64155474058,6317.15250608325,3204.858193139732,10041.952894215285,70630.5,20175.0,247052.6,49302.0,42927.98013,55676.01987,15423.4255482902,529.402976158983,82131.292099074,312579.36789939,5460.57593297396,1814220.03079261,10654.5,4678.0,39076.0,13008.88577,8470.955019,17546.81652,MG
2025-04-27,77161.86900876662,92330.91151655011,5908.016541406512,3089.410643360018,9737.887245592474,62944.5,17972.0,220108.85,48816.0,42441.98013,55190.01987,14270.5484726448,489.830705378275,75992.1128870029,289214.529019301,5052.4038597147,1678609.86653182,9879.5,4334.0,33898.0,12666.69195,8128.761199,17204.6227,MG
2025-05-04,70458.33615380418,83584.1411975266,4263.300163932145,2200.888511168957,7959.439973053335,56059.5,15619.0,198654.35,48126.0,41751.98013,54500.01987,12624.5138570493,433.330876720955,67226.8192381601,255855.057647138,4469.63051207338,1484990.57067787,8456.5,3806.0,28182.0,11105.8801,6567.94935,15643.81085,MG
2025-05-11,60503.01620479148,73943.47060488774,5265.634873449802,2926.351730929315,8354.312502114475,44378.5,12432.0,155351.85,46857.0,40482.98013,53231.01987,10513.4510359483,360.869190941578,55985.2284280125,213071.237580167,3722.21884738933,1236672.21334484,7296.5,3236.0,25491.0,9860.475711,5322.544963,14398.40646,MG
2025-05-18,48330.24889389347,58825.70620432679,2564.581065148115,1334.059819626808,4539.748422318697,33308.0,9310.0,117225.6,44897.0,38522.98013,51271.01987,7480.39631829238,256.760258104748,39833.9339417111,151601.994800097,2648.38306313725,879903.445031601,5862.5,2615.0,19595.0,7884.233961,3346.303213,12422.16471,MG
2025-05-25,38177.200267775464,47253.02656761788,1195.8403818011284,621.5483751237392,2874.0791310071945,24506.5,6868.0,86811.3,42799.0,36424.98013,49173.01987,4738.56648096136,162.647398946028,25233.4143727578,96034.7935449942,1677.65204696734,557389.968993117,4617.5,2051.0,16437.0,5605.405523,1067.474775,10143.33627,MG
2025-06-01,33055.31547347249,40839.46127000961,730.406928949058,405.9045801639557,2106.654201373458,18505.5,5051.0,67434.2,41480.0,35105.98013,47854.01987,4156.85029972993,142.680100402963,22135.7193110536,84245.5034341731,1471.69915690319,488964.64539997,3677.5,1671.0,13738.0,4027.999813,0.0,8565.930561,MG
2025-06-08,29699.46570917887,36637.73208168563,1142.6034414470196,675.4594426617026,2211.472231880948,13606.0,3674.0,49436.8,41453.0,35078.98013,47827.01987,3059.3702318114,105.009291288391,16291.5296527577,62003.2963709402,1083.13766425727,359869.853153727,2885.0,1252.0,9755.0,2916.945638,0.0,7454.876387,MG
2025-06-15,28800.195733035987,33688.751651665036,648.8675559461117,370.6326532363891,1460.7563522350042,9976.0,2714.0,36175.9,42373.0,35998.98013,48747.01987,2983.12376377334,102.389633850466,15885.5834388423,60457.7508201418,1056.11323471322,350900.557314218,2203.0,1011.0,7495.0,2289.797856,0.0,6827.728605,MG
2025-06-22,28365.36552948257,33079.31065265545,997.456573665142,656.5028212599457,1517.2952526845038,7778.0,2111.0,28361.85,43385.0,37010.98013,49759.01987,2596.9368981275,89.1338428636231,13829.1010863081,52631.0528244233,919.384842486012,305474.18169778,1774.0,781.0,6292.0,1534.226049,0.0,6072.156797,MG
2025-06-29,27255.30264597675,31212.651070875134,516.7778673395514,278.71704363822937,1015.2659304649568,5621.0,1544.0,20278.95,43878.0,37503.98013,50252.01987,1969.63863707103,67.6019555678946,10488.6778738544,39917.8590772265,697.291996255888,231686.476680314,1436.5,624.0,5028.0,1219.973806,0.0,5757.904554,MG
2025-07-06,26445.50477191588,30217.44292962873,412.6246912106872,264.61982845291493,799.4814529318362,4460.5,1218.0,16078.75,43878.0,37503.98013,50252.01987,1561.80940631476,53.603297149488,8316.94755031183,31652.5442114889,552.90120027707,183714.344941162,1192.0,518.0,4088.0,878.2761625,0.0,5416.206911,MG
2025-07-13,25633.00617136048,29008.363348654217,0.0,0.0,0.1,3576.0,982.0,12860.7,43762.0,37387.98013,50136.01987,1158.23855980715,39.7508173683768,6167.89462122856,23473.554058305,410.018644033279,136243.29792635,975.5,422.0,3595.0,660.1039856,0.0,5198.034734,MG
2025-07-20,25395.784047132915,28665.881464662463,0.0,0.0,0.1,3112.0,854.0,11054.9,43741.0,37366.98013,50115.01987,1093.78635737575,37.5385052586527,5824.6794334344,22167.3115358335,387.199162587901,128661.785910069,860.0,378.0,3190.0,558.6367413,0.0,5096.56749,MG
2025-07-27,25197.218950673803,28519.018559052565,0.0,0.0,0.1,3013.0,819.0,10732.95,43699.0,37324.98013,50073.01987,942.576790908473,32.3482754513522,5019.47440526659,19102.8207273873,333.664229256868,110875.423870574,776.5,355.0,2837.0,520.8877512,0.0,5058.818499,MG
2025-08-03,24758.390299510447,27809.043641538712,0.0,0.0,0.1,2148.0,638.0,7312.0,43471.0,37096.98013,49845.01987,933.945153104637,32.0519956644166,4973.50986146563,18927.904003231,330.608467408033,109860.180085941,715.0,314.0,2625.0,462.3521803,0.0,5000.282929,MG
2025-08-10,24506.388520940633,27560.085075422427,0.0,0.0,0.1,2142.5,645.0,7417.0,43095.0,36720.98013,49469.01987,880.183463196461,30.2066411878642,4687.22405455498,17838.346957354,311.574549711921,103536.379669888,712.0,303.0,2599.0,433.0284388,0.0,4970.959187,MG
2025-08-17,24360.514867035203,27375.457050268,0.0,0.0,0.1,2177.0,649.0,7458.95,42722.0,36347.98013,49096.01987,923.309703300204,31.6869329265124,4916.87471316149,18712.3533844945,326.842850317366,108609.10070148,694.0,300.0,2500.0,425.1069744,0.0,4963.037723,MG
2025-08-24,24086.863349073315,27180.354238533528,0.0,0.0,0.1,2299.5,686.0,7802.95,42337.0,35962.98013,48711.01987,802.249115954219,27.5315651704392,4272.2163491835,16258.8897454103,283.98231929123,94369.1778220032,691.0,289.0,2468.0,421.7157805,0.0,4959.646529,MG
2025-08-31,23727.86703312559,26693.268906917507,0.0,0.0,0.1,2098.0,632.0,7177.9,41717.0,35342.98013,48091.01987,848.266738110259,29.1111071902748,4517.26427585083,17191.5022592095,300.274511961887,99782.0698050661,702.0,297.0,2471.0,391.6208794,0.0,4929.551628,MG
2025-09-07,23388.347703366144,26314.3761560101,0.0,0.0,0.1,2386.0,711.0,8125.0,40703.0,34328.98013,47077.01987,952.125762603775,32.6760407634965,5070.32337702607,19296.3630793597,337.045249929069,111998.727128231,739.5,308.0,2831.0,411.6044989,0.0,4949.535247,MG
2025-09-14,22857.208669624644,25722.751128638778,0.0,0.0,0.1,2606.5,780.0,8798.95,39427.0,33052.98013,45801.01987,1025.78293265639,35.2043038690917,5462.55473561675,20789.1369318865,363.123172874769,120662.817917779,761.5,321.0,3041.0,494.5380562,0.0,5032.468804,MG
2025-09-21,22220.923058900895,25075.37768607929,0.0,0.0,0.1,2749.0,823.0,9420.95,38220.0,31845.98013,44594.01987,977.086171654652,33.5328033151205,5203.24042857876,19802.2326664123,345.882578689767,114934.829383425,794.0,343.0,3119.0,492.290499,0.0,5030.221247,MG
2025-09-28,21724.647549450285,24412.846259465976,0.0,0.0,61.145186424255215,2537.0,753.0,8575.0,37302.0,30927.98013,43676.01987,1049.91625652044,36.0326746581965,5591.06702984497,21278.2363539168,371.667479571464,123501.565010776,848.0,345.0,3151.0,461.5456803,0.0,4999.476429,MG
2024-10-06,1490.8511767072698,8864.595439214116,0.0,0.0,28.47732048034668,9558.0,2393.0,39410.8,11647.0,9351.22649,13942.77351,4652.93253979656,4538.68393522969,4769.29785013238,4652.94187879092,4538.69326064397,4769.30720239448,489.0,162.0,1619.0,416.9261529,0.0,4954.856901,PR
2024-10-13,1811.2542375628893,9441.037334938283,0.0,0.0,0.1,10558.0,2653.0,42463.9,11673.0,9377.22649,13968.77351,4563.70011989951,4450.58365445567,4678.92630305297,4563.71149838251,4450.59498787073,4678.9377177119,528.0,177.0,1789.0,434.4496652,0.0,4972.380413,PR
2024-10-20,1930.8107449516253,9954.832004742026,0.0,0.0,0.1,11317.0,2829.0,46254.0,11738.0,9442.22649,14033.77351,5077.6322655471,4958.08795353447,5199.30188006463,5077.64079696508,4958.09644061078,5199.31046479824,571.0,191.0,1942.0,547.0273216,0.0,5084.95807,PR
2024-10-27,2398.302702084247,10472.714480960563,0.0,0.0,0.1,12329.0,3084.0,50193.9,11856.0,9560.22649,14151.77351,4209.34172594024,4100.72797807552,4320.04968826291,4209.35658852522,4100.74258116712,4320.06476157121,643.0,213.0,1949.0,491.3041732,0.0,5029.234921,PR
2024-11-03,2356.340322092753,11348.863584891125,44.46326816082001,0.0,393.8278236389159,13302.5,3295.0,54771.5,11984.0,9688.22649,14279.77351,6147.61358586833,6015.66489823319,6281.69608046291,6147.62502345284,6015.67624166671,6281.70761908146,686.0,244.0,2309.0,509.3082918,0.0,5047.23904,PR
2024-11-10,2812.5993177384876,12535.957235584157,0.0,0.0,0.5928193569183012,15283.5,3795.0,61753.9499999999,12082.0,9786.22649,14377.77351,6890.43148570934,6750.4853073561,7032.5132411882,6890.44712106382,6750.50081680198,7032.52900176663,757.0,248.0,2492.0,612.9876185,0.0,5150.918367,PR
2024-11-17,3253.5629264655336,13763.622182002277,0.0,0.0,0.1,17267.5,4275.0,69997.9499999999,12173.0,9877.22649,14468.77351,7564.59979714209,7417.72425547946,7713.61743961057,7564.61649019959,7417.74080058702,7713.6342817967,836.0,284.0,2701.0,642.8618325,0.0,5180.792581,PR
2024-11-24,7973.467588609816,19638.423014486594,3538.3094720840454,2713.1086821392178,4118.032099914551,18339.0,4528.0,76110.7999999998,12302.0,10006.22649,14597.77351,7655.27939950118,7507.49410435315,7805.20526557153,7655.29772261223,7507.51226229604,7805.22375195404,909.5,299.0,2906.0,840.1419748,0.0,5378.072723,PR
2024-12-01,7949.785509225743,20074.482411131896,3333.7166550159454,2717.679177725315,4014.7186834096906,19457.0,4799.0,80087.1999999998,12454.0,10158.22649,14749.77351,8226.73188501001,8073.32855931527,8382.28030701936,8226.75167552222,8073.34816298218,8382.30028281877,974.5,328.0,2944.0,905.5564277,0.0,5443.487176,PR
2024-12-08,9281.241113879512,22226.13382764632,4600.073345184326,3852.466832971573,5408.977982974053,19487.5,4664.0,79550.9,12554.0,10258.22649,14849.77351,9460.37902491924,9295.42613349985,9627.49055823946,9460.3987513593,9295.44564706843,9627.51050308962,1027.0,364.0,3229.0,1117.642186,0.0,5655.572935,PR
2024-12-15,10252.935389395276,22993.25780051385,5296.1129199415445,3653.845172119141,6221.766574144363,19260.0,4713.0,79026.85,12577.0,10281.22649,14872.77351,8556.06270304331,8399.4994908477,8714.77711866814,8556.08084595538,8399.51745200754,8714.79544718035,1117.5,353.0,3362.0,1221.01677,0.0,5758.947519,PR
2024-12-22,9380.431189218376,21305.72966057389,4138.192672610283,3366.172386085987,5082.001495116949,19993.0,4911.0,82985.65,12630.0,10334.22649,14925.77351,6463.15968485226,6340.14930964796,6587.91905983334,6463.1801560787,6340.16948737811,6587.93980774561,1207.0,418.0,3854.0,1306.603864,0.0,5844.534612,PR
2024-12-29,13049.927037723677,27405.465104611925,4755.397713661194,4044.613686060906,5270.634695792198,32205.0,7895.0,131895.75,12871.0,10575.22649,15166.77351,1380.08401415493,67.2951067759126,6862.6716267192,15962.8295296836,879.751423952054,77182.3049252955,1329.0,424.0,4128.0,1657.984488,0.0,6195.915236,PR
2025-01-05,22721.749090919908,39357.813155502816,11294.442448616028,9788.16719789505,12504.27946807444,36782.0,8925.0,151188.85,13349.0,11053.22649,15644.77351,1621.8189884534,79.0833310895468,8064.71509805064,18758.8718204695,1033.85948126021,90701.2825614423,1439.0,498.0,4654.0,3003.125202,0.0,7541.05595,PR
2025-01-12,26130.64738682898,44800.927680398025,13052.840722084044,11512.711052417755,14550.004578185082,42117.5,10177.0,171004.7,13944.0,11648.22649,16239.77351,2039.04646314113,99.4294133471414,10139.4073761833,23584.7586106201,1299.84486215676,114034.65181416,1697.0,549.0,5455.0,3700.442238,0.0,8238.372986,PR
2025-01-19,27614.325778223527,47986.01076933989,13487.183906555176,11694.45759010315,14842.684647941587,46802.5,11413.0,190815.45,14506.0,12210.22649,16801.77351,2638.97939052398,128.685121239226,13122.6150119979,30523.9163888336,1682.30608910564,147585.775909098,1906.5,686.0,6145.0,4248.338058,0.0,8786.268807,PR
2025-01-26,34275.65345446516,56811.84815172364,18149.68725013733,16369.12350845337,20122.915013313293,50164.0,12223.0,206368.5,15023.0,12727.22649,17318.77351,2851.3403563009,139.040900502034,14178.5948888337,32980.2066872309,1817.68794190302,159462.047069407,2184.0,756.0,7060.0,4890.329861,352.3991131,9428.26061,PR
2025-02-02,43263.326787728096,71422.22976015821,23496.9831905365,21165.231992530826,25503.588211250302,63311.5,15811.0,254041.65,15625.0,13329.22649,17920.77351,3838.0190657464,187.15626223605,19084.92311354,44392.6743990116,2446.70185761622,214641.817101899,2636.0,902.0,9221.0,5814.124528,1276.19378,10352.05528,PR
2025-02-09,51458.61836603524,84758.5771547648,29924.037410736084,26807.312139368056,32018.970550993086,70148.0,17516.0,279726.1,16400.0,14104.22649,18695.77351,4616.25562109745,225.106974804458,22954.7609997981,53394.1578903017,2942.83110943433,258164.379931137,3062.5,1043.0,9972.0,6920.073324,2382.142576,11458.00407,PR
2025-02-16,40694.313583578594,71687.65249385785,19102.51366853714,17415.144689559937,20440.143664264677,76427.5,19088.0,305272.9,17270.0,14974.22649,19565.77351,4701.28900105004,229.253639081073,23377.5967743308,54377.6930767667,2997.04004674231,262919.818126098,3486.0,1253.0,12105.0,8887.716622,4349.785874,13425.64737,PR
2025-02-23,41013.3796337752,73860.45223789777,18438.784951210026,16570.20994091034,19617.996183776853,81746.0,20424.0,328595.2,18076.0,15780.22649,20371.77351,6259.68295836029,305.248652412184,31126.8156255916,72403.0108620754,3990.53058166138,350073.021330972,3959.0,1330.0,14270.0,9851.535666,5313.604918,14389.46641,PR
2025-03-02,46461.48651964488,86289.79709707375,17722.836535453796,15876.376590538024,19305.029685211182,109166.5,27206.0,440812.55,18779.0,16483.22649,21074.77351,6632.30934084188,323.420020065368,32979.7353407902,76712.9285724366,4228.07884085702,370911.624316709,4520.5,1509.0,14564.0,10333.5285,5795.597756,14871.45925,PR
2025-03-09,40415.14112353789,80659.41228791441,11611.199147224426,10061.744970703125,13620.219803905487,114217.0,28877.0,465297.05,19498.0,17202.22649,21793.77351,8338.67353031861,406.63058526979,41464.7237306092,96449.8701494972,5315.90693229069,466340.520454084,4947.0,1691.0,16666.0,11281.77595,6743.845201,15819.7067,PR
2025-03-16,39663.639040196984,80831.09127917585,9481.56629383564,8390.826145029068,10247.706806480885,120353.0,30355.0,484953.3,20323.0,18027.22649,22618.77351,8125.11901349973,396.216627582329,40402.8115722715,93979.7859354929,5179.76519586889,454397.589580968,5341.0,1993.0,18591.0,12985.21276,8447.28201,17523.14351,PR
2025-03-23,41874.24473486164,84508.09838475805,11434.27674484253,9990.000242424012,12984.497074460984,121248.0,30239.0,488886.65,21112.0,18816.22649,23407.77351,8836.76474448574,430.91994795075,43941.5120798104,102211.073357724,5633.44291338196,494196.123983064,5987.5,2094.0,19920.0,13310.11044,8772.179692,17848.04119,PR
2025-03-30,42356.393633093416,87538.87518886526,8642.668221950531,6932.086619067192,10576.24692621231,135099.5,33855.0,542907.55,21567.0,19271.22649,23862.77351,9706.26411482371,473.321083187743,48265.1519454868,112268.176405965,6187.75379067927,542822.595433979,6131.5,2139.0,20413.0,13459.15915,8921.228406,17997.0899,PR
2025-04-06,38043.310640672615,80954.08885143581,6810.564133405685,6075.55764708519,7960.189527320862,126752.0,31908.0,507352.05,21518.0,19222.22649,23813.77351,9915.07728450178,483.503639614819,49303.4836465816,114683.454807092,6320.87317395009,554500.459181204,6193.0,2075.0,20364.0,15252.51695,10714.58621,19790.4477,PR
2025-04-13,36335.815822822486,76369.72045624789,7865.845655679703,6559.143609929085,9106.662809133528,115111.0,28519.0,464785.0,21106.0,18810.22649,23401.77351,8369.10820430798,408.11473116179,41616.0622008579,96801.8988648317,5335.30945939143,468042.592390748,5954.0,2059.0,19049.0,15277.82675,10739.896,19815.7575,PR
2025-04-20,33135.817345361924,70082.37276486373,8008.420659303665,7174.106452655792,9130.96331704855,102213.5,25827.0,406806.75,20626.0,18330.22649,22921.77351,7820.07776106062,381.341328954165,38885.9761115384,90451.5140638083,4985.3001757929,437338.292807055,5439.5,1764.0,18687.0,13008.88577,8470.955019,17546.81652,PR
2025-04-27,24388.931855200535,56782.13349549451,3471.3588181734085,2426.881346416473,4894.338453958184,88293.5,22097.0,349796.9,20188.0,17892.22649,22483.77351,7858.88431477019,383.233724867604,39078.9438823673,90900.3702392891,5010.03942209152,439508.524443595,4919.0,1656.0,15650.0,12666.69195,8128.761199,17204.6227,PR
2025-05-04,18841.701269286023,47423.09929323212,1867.020613193512,852.6970331907272,3220.4508534431457,74067.0,18313.0,303050.3,19598.0,17302.22649,21893.77351,7742.06877843743,377.537227782802,38498.0716162899,89549.2164267338,4935.56892889541,432975.656978179,3930.0,1347.0,13563.0,11105.8801,6567.94935,15643.81085,PR
2025-05-11,14691.929394907584,38483.40109327907,1818.5728340148928,770.4290735781193,3117.004074144363,57402.0,14310.0,235599.6,18601.0,16305.22649,20896.77351,5538.2801122824,270.069589700304,27539.5874022292,64058.9147624604,3530.63592038362,309728.971442745,3154.5,1083.0,10214.0,9860.475711,5322.544963,14398.40646,PR
2025-05-18,10637.15371643596,30067.751192074233,1434.6299222707748,538.651499646902,2607.5195042371747,42763.5,10570.0,172707.15,17244.0,14948.22649,19539.77351,4151.51980866599,202.444249082518,20643.8256074489,48018.8004331924,2646.56213276967,232174.266709956,2581.5,866.0,7953.0,7884.233961,3346.303213,12422.16471,PR
2025-05-25,7760.0686172339465,22997.079567941822,836.8274396657944,420.3612537622451,1214.200604689121,31706.0,7874.0,129682.2,15926.0,13630.22649,18221.77351,2672.85545035352,130.337205003202,13291.0639452366,30915.7568902304,1703.90426287085,149480.31550223,1953.0,647.0,6412.0,5605.405523,1067.474775,10143.33627,PR
2025-06-01,7175.92786499381,19128.767098712822,1788.9503957033155,1377.1690591067077,2355.009350375831,22578.5,5572.0,92176.9,15083.0,12787.22649,17378.77351,2074.21040019631,101.144294688938,10314.2601458562,23991.4909168652,1322.26380443684,116001.1920843,1533.0,519.0,5021.0,4027.999813,0.0,8565.930561,PR
2025-06-08,4558.393403021219,14875.54696024919,282.2909188270569,83.34171476066113,777.5194087117907,18755.5,4687.0,76479.5499999999,14824.0,12528.22649,17119.77351,1840.23144836497,89.7343172955946,9150.78360951028,21285.1570036132,1173.1004818934,102915.950827038,1177.5,398.0,3840.0,2916.945638,0.0,7454.876387,PR
2025-06-15,3775.68202121137,12904.406354986688,18.99693012237549,0.0,172.50170240402218,15792.5,3941.0,64867.45,14892.0,12596.22649,17187.77351,1641.18477685477,80.0245263388574,8161.08954609433,18982.9031073485,1046.16217866075,91785.4714779504,955.0,334.0,2985.0,2289.797856,0.0,6827.728605,PR
2025-06-22,3472.5938286175683,11562.48784563355,0.0,0.0,0.1,13444.5,3350.0,55122.5,14959.0,12663.22649,17254.77351,1249.28757567437,60.9136744143713,6212.35375699993,14449.9955820862,796.325382916706,69868.6559237144,740.5,266.0,2447.0,1534.226049,0.0,6072.156797,PR
2025-06-29,2671.838394381408,8943.275846951998,0.0,0.0,0.1,9290.0,2310.0,38117.6,14907.0,12611.22649,17202.77351,1066.37917991495,51.9941519713322,5302.82866562867,12334.3650991654,679.719802432543,59639.4816067661,631.0,222.0,2009.0,1219.973806,0.0,5757.904554,PR
2025-07-06,2554.9265836119644,8147.607645734621,28.7173752784729,0.0,241.71841354370105,8037.0,2024.0,32568.7,14834.0,12538.22649,17129.77351,811.210920257273,39.5508920177933,4033.98699021291,9382.94617295877,517.04883408969,45369.2351696636,526.0,183.0,1647.0,878.2761625,0.0,5416.206911,PR
2025-07-13,2411.815893018434,7690.91130111909,0.0,0.0,1.9526098251341664,7382.0,1855.0,29894.9,14849.0,12553.22649,17144.77351,783.93557147826,38.2208113924892,3898.35795238727,9067.45778268443,499.660332379239,43843.8303239501,455.5,158.0,1499.0,660.1039856,0.0,5198.034734,PR
2025-07-20,2383.2903787356463,7499.8997740565,0.0,0.0,90.93502731323224,7073.5,1788.0,28798.95,14926.0,12630.22649,17221.77351,723.391376083894,35.2683807740246,3597.2976571786,8367.16881907387,461.063105953589,40457.8996564531,401.5,131.0,1279.0,558.6367413,0.0,5096.56749,PR
2025-07-27,2445.212048193746,7618.07357145896,0.0,0.0,1.937761521339409,7251.5,1804.0,29506.85,14970.0,12674.22649,17265.77351,663.947546647852,32.3696097394043,3301.70892385702,7679.60608711367,423.16730871167,37133.5002106278,362.5,120.0,1195.0,520.8877512,0.0,5058.818499,PR
2025-08-03,2074.8847259136523,6183.480916046004,0.0,0.0,0.1,5079.5,1297.0,20329.65,14952.0,12656.22649,17247.77351,590.956334721761,28.8102065909243,2938.75529915822,6835.35016698364,376.635222553573,33051.4845984807,341.0,119.0,1129.0,462.3521803,0.0,5000.282929,PR
2025-08-10,2109.767016177273,6393.805075582471,0.0,0.0,0.1,5393.5,1382.0,20974.9,14937.0,12641.22649,17232.77351,630.714158905408,30.748989977003,3136.45365610811,7295.2088318799,401.980840058583,35274.9215289068,330.0,116.0,1096.0,433.0284388,0.0,4970.959187,PR
2025-08-17,2148.0250650823345,6604.170556229883,0.0,0.0,187.44565505981444,5686.5,1452.0,22538.0,14981.0,12685.22649,17276.77351,667.756499569039,32.5553515070071,3320.64921586574,7723.65988770392,425.595365601188,37346.5024489179,322.5,113.0,1118.0,425.1069744,0.0,4963.037723,PR
2025-08-24,2269.7073224192877,6959.381972086164,0.0,0.0,25.168268680572503,6216.5,1580.0,24307.35,15056.0,12760.22649,17351.77351,619.082565578028,30.1817778077537,3078.61480688336,7160.67226685028,394.565714387293,34624.4312711129,342.0,116.0,1172.0,421.7157805,0.0,4959.646529,PR
2025-08-31,2068.2640236208,6161.298650007331,0.0,0.0,348.7500656127929,5000.0,1280.0,20032.9,15095.0,12799.22649,17390.77351,608.114889947063,29.6469410521,3024.07732052386,7033.81458162753,387.57381402348,34011.0686932856,349.0,118.0,1155.0,391.6208794,0.0,4929.551628,PR
2025-09-07,2388.2336984954277,6896.848565801955,236.18672217801213,25.915892550721765,651.1172193527221,5675.5,1460.0,22676.8,15088.0,12792.22649,17383.77351,662.583094824838,32.3030729100135,3294.92416388006,7663.82265301719,422.297388214185,37057.1869221012,364.0,119.0,1226.0,411.6044989,0.0,4949.535247,PR
2025-09-14,2241.67005668752,6946.710741320522,0.0,0.0,45.289097404479946,6179.0,1587.0,24672.9,15088.0,12792.22649,17383.77351,677.903472570381,33.0501703761771,3371.10596817392,7841.02941479842,432.064347592914,37913.9911152194,401.0,130.0,1283.0,494.5380562,0.0,5032.468804,PR
2025-09-21,2695.8249408953707,7768.424972090077,353.01447454094887,63.25361080169678,996.7151556432248,6760.0,1730.0,27064.55,15139.0,12843.22649,17434.77351,730.098456813876,35.5954499431474,3630.6490746938,8444.74449279044,465.338765831264,40832.981476128,428.0,140.0,1392.0,492.290499,0.0,5030.221247,PR
2025-09-28,2177.0623578934415,6752.357055045985,0.0,0.0,0.1,5837.0,1509.0,23322.95,15213.0,12917.22649,17508.77351,715.04149130761,34.8612011910101,3555.77749334463,8270.59074034282,455.740101914049,39990.9414837094,444.0,150.0,1603.0,461.5456803,0.0,4999.476429,PR
